{"schemaVersion":"1.0","appDefinitionTemplate":{"id":"/providers/Microsoft.PowerApps/apps/","type":"Microsoft.PowerApps/apps","tags":{"primaryDeviceWidth":"640","primaryDeviceHeight":"1136","sienaVersion":"20201005T075118Z-3.20093.27.0","deviceCapabilities":"webcam","supportsPortrait":"true","supportsLandscape":"false","primaryFormFactor":"Phone","publisherVersion":"3.20093.27","minimumRequiredApiVersion":"2.2.0","hasComponent":"false","hasUnlockedComponent":"false","isUnifiedRootApp":"false"},"properties":{"appVersion":"2020-10-05T07:51:18Z","lifeCycleId":"Published","createdByClientVersion":{"major":3,"minor":20093,"build":27,"revision":0,"majorRevision":0,"minorRevision":0},"minClientVersion":{"major":3,"minor":20093,"build":27,"revision":0,"majorRevision":0,"minorRevision":0},"backgroundColor":"rgba(0, 176, 240, 1)","backgroundImageUri":"/3538936646469013468/Nee3faf51-19de-482f-8a98-11259f5b192c-logoSmallFile","displayName":"E-form","description":"","commitMessage":"","appUris":{"documentUri":{"value":"/3538936646469013468/N6228d8d2-d5ef-41c1-a32a-911b9cbd2c14-document.msapp","readonlyValue":"/3538936646469013468/N6228d8d2-d5ef-41c1-a32a-911b9cbd2c14-document.msapp"},"imageUris":[]},"createdTime":"0001-01-01T00:00:00Z","lastModifiedTime":"0001-01-01T00:00:00Z","sharedGroupsCount":0,"sharedUsersCount":0,"icons":{"smallIconUri":"/3538936646469013468/N87596bbf-8bb1-4d54-9ffa-fa49dc93447f-small.png","mediumIconUri":"/3538936646469013468/Nc2ab4d48-c0fa-4d11-9b65-f3823e53e8c2-medium.png","largeIconUri":"/3538936646469013468/N21850e2b-e994-4960-b833-816908a663ba-large.png","wideIconUri":"/3538936646469013468/N2955c6cb-db75-4895-8ca8-625df91ca764-wide.png"},"connectionReferences":{"490267e1-ae81-48ee-8131-e18fb7741764":{"id":"3ff0ae2a-6418-4ab4-a948-e1550e226cc0","displayName":"Excel","iconUri":"https://connectoricons-prod.azureedge.net/excel/icon_1.0.1352.2012.png","dataSources":["Eform"],"dependencies":["c4b0e78f-fb98-4085-b27e-ade8c81a8b5e"],"dependents":[],"parameterHints":{"c4b0e78f-fb98-4085-b27e-ade8c81a8b5e":{"value":"fileSource"}},"isOnPremiseConnection":false,"dataSets":{"b!qpxS3BLUdkqKfLUt5GW_dZf50odCDe1AklfAreuOndxHt7R4UVBxRbIp4EvNavGE.01BZMIPZNDRRBSOWR3ORGYGIUXD7G3HOQ7":{"dataSources":{"Eform":{"tableName":"Eform"}}}},"apiTier":"Standard","isCustomApiConnection":false},"c4b0e78f-fb98-4085-b27e-ade8c81a8b5e":{"id":"912be0ff-c7d3-4e6f-97b8-e868cb9a704f","displayName":"OneDrive for Business","iconUri":"https://connectoricons-prod.azureedge.net/releases/v1.0.1402/1.0.1402.2163/onedriveforbusiness/icon.png","dataSources":[],"dependencies":[],"dependents":["490267e1-ae81-48ee-8131-e18fb7741764"],"parameterHints":{},"isOnPremiseConnection":false,"dataSets":{},"apiTier":"Standard","isCustomApiConnection":false}},"databaseReferences":{},"almMode":"Environment","performanceOptimizationEnabled":true,"canConsumeAppPass":true},"isAppComponentLibrary":false,"appType":"ClassicCanvasApp","appComponents":[]}}